Given name,Family name,Phone number
mcjustin+221010A@uw.edu,mcjustin+221010A@uw.edu,
4e3ba1,e89b64b7,
mcjustin+2023Paintracker@uw.edu,mcjustin+2023Paintracker@uw.edu,
Padme,Amidfla,
Validoverlap,Patient57,
Elizabeth,Brown,
mcjustin+2023Paintracker@uw.edu,mcjustin+2023Paintracker@uw.edu,
d46f0e,471d0f5c123,
4e3ba1939,e89b64b7939,
4e3ba1jkl,e89b64b7jkl,
Validoverlap,Patient49,
4e3ba1asdf,e89b64b7asdf,
Harry,Potter,
4e3ba1936,e89b64b7936,
PainTrackerPatient,NoPDMP,
4e3ba1933,e89b64b7933,
4e3ba19,e89b64b79,
Addedviafemr,Rainodes,
Heinrich,Dreser,
Darth,Vader,
